{
  "Influx": {
    "positive": {
      "LogP": {
        "mean": 1.8770100636942684,
        "std": 1.7779986746038214,
        "median": 1.7603000000000002
      },
      "TPSA": {
        "mean": 113.08987261146497,
        "std": 49.03198797576397,
        "median": 119.47
      },
      "MW": {
        "mean": 369.50896178343964,
        "std": 129.20264465246385,
        "median": 360.4390000000002
      },
      "HBA": {
        "mean": 5.350318471337579,
        "std": 2.241411648934023,
        "median": 5.0
      },
      "HBD": {
        "mean": 3.426751592356688,
        "std": 1.7328049798389025,
        "median": 4.0
      },
      "RotatableBonds": {
        "mean": 6.3312101910828025,
        "std": 3.8219818577435865,
        "median": 6.0
      },
      "RingCount": {
        "mean": 2.56687898089172,
        "std": 1.2156768999220489,
        "median": 2.0
      },
      "FractionCSP3": {
        "mean": 0.3590508383298113,
        "std": 0.20487871583846134,
        "median": 0.3333333333333333
      }
    },
    "negative": {
      "LogP": {
        "mean": 3.349399163237313,
        "std": 1.8350682064838328,
        "median": 3.817960000000003
      },
      "TPSA": {
        "mean": 95.1052949245542,
        "std": 50.98064868219245,
        "median": 92.08
      },
      "MW": {
        "mean": 404.47530315500694,
        "std": 162.64549441072714,
        "median": 398.48200000000014
      },
      "HBA": {
        "mean": 5.223593964334705,
        "std": 2.581249533382988,
        "median": 5.0
      },
      "HBD": {
        "mean": 1.737997256515775,
        "std": 1.6150721567227375,
        "median": 1.0
      },
      "RotatableBonds": {
        "mean": 5.329218106995885,
        "std": 2.969392317286047,
        "median": 5.0
      },
      "RingCount": {
        "mean": 2.9849108367626886,
        "std": 1.2048630965071139,
        "median": 3.0
      },
      "FractionCSP3": {
        "mean": 0.24768082285912746,
        "std": 0.24555585108746616,
        "median": 0.1666666666666666
      }
    },
    "n_positive": 157,
    "n_negative": 729
  },
  "Efflux": {
    "positive": {
      "LogP": {
        "mean": 3.1419205478547876,
        "std": 1.9903040178939546,
        "median": 3.2596000000000025
      },
      "TPSA": {
        "mean": 108.48403300330033,
        "std": 102.81996125205833,
        "median": 94.44
      },
      "MW": {
        "mean": 479.05506732673274,
        "std": 323.4358445658197,
        "median": 445.52000000000027
      },
      "HBA": {
        "mean": 6.59009900990099,
        "std": 4.360448170367965,
        "median": 6.0
      },
      "HBD": {
        "mean": 2.5082508250825084,
        "std": 3.7163858368980573,
        "median": 2.0
      },
      "RotatableBonds": {
        "mean": 6.794719471947195,
        "std": 9.243768930446167,
        "median": 6.0
      },
      "RingCount": {
        "mean": 3.9848184818481847,
        "std": 1.900540635222282,
        "median": 4.0
      },
      "FractionCSP3": {
        "mean": 0.4236644251051119,
        "std": 0.20998820499631748,
        "median": 0.4042553191489361
      }
    },
    "negative": {
      "LogP": {
        "mean": 3.0462687591240902,
        "std": 1.9762904435414936,
        "median": 3.143400000000001
      },
      "TPSA": {
        "mean": 80.99638164754953,
        "std": 51.312057041734285,
        "median": 70.42
      },
      "MW": {
        "mean": 380.67963503649645,
        "std": 152.18811384773306,
        "median": 357.33200000000005
      },
      "HBA": {
        "mean": 5.35140771637122,
        "std": 3.142505349924428,
        "median": 5.0
      },
      "HBD": {
        "mean": 1.5985401459854014,
        "std": 1.6277980427111522,
        "median": 1.0
      },
      "RotatableBonds": {
        "mean": 4.874869655891554,
        "std": 3.4022257786884484,
        "median": 4.0
      },
      "RingCount": {
        "mean": 3.4577685088633996,
        "std": 1.690585383851661,
        "median": 3.0
      },
      "FractionCSP3": {
        "mean": 0.35714196291546524,
        "std": 0.22047747431941567,
        "median": 0.3333333333333333
      }
    },
    "n_positive": 1515,
    "n_negative": 959
  },
  "PAMPA": {
    "positive": {
      "LogP": {
        "mean": 4.431421935222675,
        "std": 1.5905500921874283,
        "median": 4.194200000000003
      },
      "TPSA": {
        "mean": 63.792591093117416,
        "std": 28.36441211236622,
        "median": 60.5
      },
      "MW": {
        "mean": 391.72094170040504,
        "std": 110.50963124123071,
        "median": 387.44300000000015
      },
      "HBA": {
        "mean": 4.328744939271255,
        "std": 1.978926569744501,
        "median": 4.0
      },
      "HBD": {
        "mean": 1.2550607287449393,
        "std": 0.9504139976734015,
        "median": 1.0
      },
      "RotatableBonds": {
        "mean": 6.011336032388664,
        "std": 3.8139300777814857,
        "median": 6.0
      },
      "RingCount": {
        "mean": 3.60080971659919,
        "std": 1.4676962372923892,
        "median": 4.0
      },
      "FractionCSP3": {
        "mean": 0.32670540048148666,
        "std": 0.17560172745545063,
        "median": 0.3076923076923077
      }
    },
    "negative": {
      "LogP": {
        "mean": 3.847289116465866,
        "std": 2.1481802921096023,
        "median": 3.859820000000004
      },
      "TPSA": {
        "mean": 100.16983935742971,
        "std": 62.9622264316642,
        "median": 94.83
      },
      "MW": {
        "mean": 459.3029236947792,
        "std": 182.7120793619854,
        "median": 454.4470000000002
      },
      "HBA": {
        "mean": 5.349397590361446,
        "std": 2.6644330099800952,
        "median": 5.0
      },
      "HBD": {
        "mean": 2.2730923694779115,
        "std": 2.164066623351611,
        "median": 2.0
      },
      "RotatableBonds": {
        "mean": 7.2971887550200805,
        "std": 5.561245520785222,
        "median": 7.0
      },
      "RingCount": {
        "mean": 3.4417670682730925,
        "std": 1.3728437968994585,
        "median": 4.0
      },
      "FractionCSP3": {
        "mean": 0.2929643452468652,
        "std": 0.17860746008409722,
        "median": 0.2777777777777778
      }
    },
    "n_positive": 1235,
    "n_negative": 249
  },
  "BBB": {
    "positive": {
      "LogP": {
        "mean": 2.7971020689655193,
        "std": 1.5831453766502526,
        "median": 2.8455000000000013
      },
      "TPSA": {
        "mean": 51.454595816845675,
        "std": 33.45152176411182,
        "median": 46.18
      },
      "MW": {
        "mean": 309.57881006218213,
        "std": 110.48014305265738,
        "median": 303.40200000000004
      },
      "HBA": {
        "mean": 3.6071226681741098,
        "std": 2.012116894535286,
        "median": 3.0
      },
      "HBD": {
        "mean": 1.026568682871679,
        "std": 0.9653942269979375,
        "median": 1.0
      },
      "RotatableBonds": {
        "mean": 3.7371396269078576,
        "std": 2.6605431357974636,
        "median": 3.0
      },
      "RingCount": {
        "mean": 2.842849067269644,
        "std": 1.532880949363439,
        "median": 3.0
      },
      "FractionCSP3": {
        "mean": 0.46849022874158713,
        "std": 0.23856333134080215,
        "median": 0.4285714285714285
      }
    },
    "negative": {
      "LogP": {
        "mean": 1.1818224015748047,
        "std": 2.531207245499113,
        "median": 1.12295
      },
      "TPSA": {
        "mean": 129.99161417322833,
        "std": 67.98117846141473,
        "median": 113.01
      },
      "MW": {
        "mean": 436.00526181102373,
        "std": 165.4424617539389,
        "median": 414.41350000000017
      },
      "HBA": {
        "mean": 7.588582677165355,
        "std": 4.116885367273819,
        "median": 6.0
      },
      "HBD": {
        "mean": 3.293307086614173,
        "std": 2.526895657695554,