model,task,n_seeds,train_auc_mean,train_auc_std,train_f1_mean,train_f1_std,train_loss_mean,train_loss_std,val_auc_mean,val_auc_std,val_f1_mean,val_f1_std,val_loss_mean,val_loss_std,test_auc_mean,test_auc_std,test_f1_mean,test_f1_std,test_loss_mean,test_loss_std
gin,classification,5,0.9532073515900809,0.009418961773983475,0.9331276653259959,0.006314890300108461,0.24483078378267029,0.023030883705039265,0.937294859389563,0.01883289620367013,0.9287111594711728,0.018756634665017046,0.2669612734401155,0.051768142632918554,0.9294707066419784,0.034576445949812906,0.9277448252521054,0.016053092347462244,0.27727255119927346,0.060482562459147494
gcn,classification,5,0.954687151121159,0.012920444302495884,0.9349882159324139,0.007510452838451242,0.23360276837038443,0.02744221895729488,0.9301900433911088,0.019367228202897043,0.9233272533772245,0.014335551599405163,0.27267385675970995,0.03899892037394823,0.9285685470582985,0.039894444694623936,0.922303763853536,0.021358936197311995,0.2784788596020503,0.0730477138887647
gat,classification,5,0.9721395583480025,0.018424131392143092,0.9491922494923071,0.016668728887676884,0.17589577115528857,0.057555565775038973,0.9468356871060266,0.01757656475937003,0.9283409236402743,0.014349198290418882,0.2511548649697077,0.05710828150581818,0.9232968940746661,0.05211475886360709,0.9155874455702934,0.028238926678433772,0.3947346245535363,0.2161353633575539
