model,task,n_seeds,train_auc_mean,train_auc_std,train_f1_mean,train_f1_std,train_loss_mean,train_loss_std,val_auc_mean,val_auc_std,val_f1_mean,val_f1_std,val_loss_mean,val_loss_std,test_auc_mean,test_auc_std,test_f1_mean,test_f1_std,test_loss_mean,test_loss_std
gcn,classification,1,0.9619682056363285,0.0,0.9376029277218664,0.0,0.21402367955908694,0.0,0.9478756819308977,0.0,0.933579335793358,0.0,0.27726294845342636,0.0,0.9579024311007635,0.0,0.945631067961165,0.0,0.22752798450264064,0.0
gat,classification,1,0.9518122802374097,0.0,0.9343332723614414,0.0,0.2454003299875506,0.0,0.954719788394776,0.0,0.9416058394160584,0.0,0.23307466258605322,0.0,0.9494084682440848,0.0,0.9421000981354269,0.0,0.23747122490947897,0.0
gin,classification,1,0.9658512593249466,0.0,0.9397677793904209,0.0,0.20873802720874163,0.0,0.9561911059679286,0.0,0.9387755102040817,0.0,0.24121350546677908,0.0,0.9317098922518815,0.0,0.9320388349514563,0.0,0.28803725439039146,0.0
