,MW,logP,TPSA,num_rotatable_bonds,num_hbd,num_hba,num_rings,num_heavy_atoms,fraction_csp3,aromatic_proportion
count,4611.0,4611.0,4611.0,4611.0,4611.0,4611.0,4611.0,4611.0,4611.0,4611.0
mean,334.0405160912907,2.420134784211669,68.19139232270658,3.981782693558881,1.4760355671220993,4.328345261331599,3.0915202775970507,23.438082845369767,0.485450573038525,0.31930080699685054
std,84.35656836701332,1.4811257613181672,36.934499167808575,2.4803990716219486,1.1406606460134288,1.9786761977441625,1.339163014645642,6.006451207393689,0.21748561737377903,0.2218549077127184
min,150.115698448,-1.9800000000000006,0.0,0.0,0.0,0.0,0.0,4.0,0.0,0.0
25%,272.16505394399996,1.4185599999999998,40.46,2.0,1.0,3.0,2.0,19.0,0.3333333333333333,0.17857142857142858
50%,335.16674804,2.544600000000001,64.52,4.0,1.0,4.0,3.0,23.0,0.46153846153846156,0.34285714285714286
75%,402.635143352,3.558900000000002,93.06,6.0,2.0,6.0,4.0,28.0,0.6521739130434783,0.5
max,498.2366014279999,4.990520000000002,210.53999999999996,16.0,5.0,10.0,8.0,37.0,1.0,1.0
