{
  "task": "regression",
  "n_seeds": 5,
  "split_type": "scaffold",
  "r2_mean": 0.19114255905151367,
  "r2_std": 0.21106691201395728,
  "rmse_mean": 0.7014702639490318,
  "rmse_std": 0.1006517224427555,
  "mae_mean": 0.5470401465892791,
  "mae_std": 0.07705902416171184
}