task,seed,accuracy,precision,recall,f1,auc,r2,rmse,mae
classification,0,0.8788343558282209,0.875219683655536,0.9841897233201581,0.9265116279069767,0.9090367643077589,,,
regression,0,,,,,,0.34129011631011963,0.618895160139424,0.5034731030464172
