seed,split_type,feature,model_name,train_auc,train_accuracy,train_f1,val_auc,val_accuracy,val_f1,test_auc,test_accuracy,test_f1
99,scaffold,maccs,rf,0.999437696968733,0.9923219486364839,0.9947700631199279,0.9643500554323725,0.9304347826086956,0.9525222551928784,0.979621873878186,0.9140271493212669,0.9404388714733543
99,scaffold,maccs,svm,0.9781500718287447,0.9271908922425205,0.9520488230165649,0.9489329268292683,0.9108695652173913,0.9397944199706314,0.9568864425032907,0.9027149321266968,0.9320695102685624
99,scaffold,maccs,knn,0.9797144346495791,0.9263966110669843,0.9511423550087873,0.9205353843311161,0.8869565217391304,0.9230769230769231,0.9528897929879143,0.9027149321266968,0.9318541996830428
99,scaffold,maccs,lr,0.9270956316410862,0.8827111464124967,0.9228894691035683,0.9040558019216556,0.8847826086956522,0.9219440353460973,0.9201029077420129,0.8687782805429864,0.909375
